CODE_DPTO,CODE_MUNICIPIO,DPTO,MUNICIPIO,LONGITUD,LATITUD
5,5001,ANTIOQUIA,MEDELLIN,-75.5760017134,6.24858636743
5,5002,ANTIOQUIA,ABEJORRAL,-75.4287403904,5.78930111433
5,5004,ANTIOQUIA,ABRIAQUI,-76.0642948678,6.63228195504
5,5021,ANTIOQUIA,ALEJANDRIA,-75.141334501,6.37606264274
5,5030,ANTIOQUIA,AMAGA,-75.7019483389,6.03880842381
5,5031,ANTIOQUIA,AMALFI,-75.0774749239,6.90967360478
5,5034,ANTIOQUIA,ANDES,-75.878794075,5.65676971311
5,5036,ANTIOQUIA,ANGELOPOLIS,-75.7113533837,6.10961277767
5,5038,ANTIOQUIA,ANGOSTURA,-75.3351091186,6.88518441484
5,5040,ANTIOQUIA,ANORI,-75.1483449609,7.07471004137
5,5042,ANTIOQUIA,SANTA FE DE ANTIOQUIA,-75.8270783216,6.55653286033
5,5044,ANTIOQUIA,ANZA,-75.854448759,6.3026667644
5,5045,ANTIOQUIA,APARTADO,-76.6258909217,7.88325108195
5,5051,ANTIOQUIA,ARBOLETES,-76.4266581639,8.84991827334
5,5055,ANTIOQUIA,ARGELIA,-75.1410633595,5.73147922832
5,5059,ANTIOQUIA,ARMENIA,-75.7866245369,6.15567240561
5,5079,ANTIOQUIA,BARBOSA,-75.3316403017,6.4392260115
5,5086,ANTIOQUIA,BELMIRA,-75.6673737242,6.60615865921
5,5088,ANTIOQUIA,BELLO,-75.5546673053,6.33406558292
5,5091,ANTIOQUIA,BETANIA,-75.9767139414,5.74619656152
5,5093,ANTIOQUIA,BETULIA,-75.9845155699,6.11525553285
5,5101,ANTIOQUIA,CIUDAD BOLIVAR,-76.0215106815,5.85027282845
5,5107,ANTIOQUIA,BRICENO,-75.550356304,7.11280551402
5,5113,ANTIOQUIA,BURITICA,-75.9070561536,6.72064775464
5,5120,ANTIOQUIA,CACERES,-75.3523573153,7.57831474335
5,5125,ANTIOQUIA,CAICEDO,-75.9828123649,6.40556397358
5,5129,ANTIOQUIA,CALDAS,-75.6336168248,6.09129760323
5,5134,ANTIOQUIA,CAMPAMENTO,-75.298084784,6.97977648289
5,5138,ANTIOQUIA,CANASGORDAS,-76.0282237214,6.7538443832
5,5142,ANTIOQUIA,CARACOLI,-74.7574542879,6.40985175825
5,5145,ANTIOQUIA,CARAMANTA,-75.6438712654,5.54853427166
5,5147,ANTIOQUIA,CAREPA,-76.653210744,7.75511548219
5,5148,ANTIOQUIA,EL CARMEN DE VIBORAL,-75.3342620232,6.08347326731
5,5154,ANTIOQUIA,CAUCASIA,-75.1982784645,7.97734097812
5,5172,ANTIOQUIA,CHIGORODO,-76.6812146131,7.66630069082
5,5190,ANTIOQUIA,CISNEROS,-75.0872051341,6.53776304826
5,5197,ANTIOQUIA,COCORNA,-75.1854817244,6.05830616761
5,5206,ANTIOQUIA,CONCEPCION,-75.257601243,6.39435397644
5,5209,ANTIOQUIA,CONCORDIA,-75.9084535194,6.04608659615
5,5212,ANTIOQUIA,COPACABANA,-75.5093435119,6.34863947056
5,5234,ANTIOQUIA,DABEIBA,-76.2616178227,6.99811575168
5,5237,ANTIOQUIA,DONMATIAS,-75.3926751288,6.48560723899
5,5240,ANTIOQUIA,EBEJICO,-75.7662136607,6.32605663471
5,5250,ANTIOQUIA,EL BAGRE,-74.7990970119,7.5975218855
5,5264,ANTIOQUIA,ENTRERRIOS,-75.517805693,6.56648234736
5,5266,ANTIOQUIA,ENVIGADO,-75.5830089369,6.16700589298
5,5282,ANTIOQUIA,FREDONIA,-75.6750932516,5.9280855467
5,5284,ANTIOQUIA,FRONTINO,-76.1307652118,6.77606285319
5,5306,ANTIOQUIA,GIRALDO,-75.9521573015,6.68080793863
5,5308,ANTIOQUIA,GIRARDOTA,-75.4444597681,6.37961535607
5,5310,ANTIOQUIA,GOMEZ PLATA,-75.2200360918,6.68327964232
5,5313,ANTIOQUIA,GRANADA,-75.1844500639,6.1429023597
5,5315,ANTIOQUIA,GUADALUPE,-75.2398564806,6.81506996357
5,5318,ANTIOQUIA,GUARNE,-75.4416535712,6.27802696108
5,5321,ANTIOQUIA,GUATAPE,-75.1600208818,6.23240969843
5,5347,ANTIOQUIA,HELICONIA,-75.7343322889,6.20676229056
5,5353,ANTIOQUIA,HISPANIA,-75.906590966,5.79946280832
5,5360,ANTIOQUIA,ITAGUI,-75.6120815283,6.174929734
5,5361,ANTIOQUIA,ITUANGO,-75.7646752276,7.17163748398
5,5364,ANTIOQUIA,JARDIN,-75.8189807815,5.59753984677
5,5368,ANTIOQUIA,JERICO,-75.7855038531,5.78974203756
5,5376,ANTIOQUIA,LA CEJA,-75.4294329272,6.02805465836
5,5380,ANTIOQUIA,LA ESTRELLA,-75.645190382,6.15841993
5,5390,ANTIOQUIA,LA PINTADA,-75.6078057481,5.74380769651
5,5400,ANTIOQUIA,LA UNION,-75.3608622911,5.97387113417
5,5411,ANTIOQUIA,LIBORINA,-75.8128326075,6.67732537607
5,5425,ANTIOQUIA,MACEO,-74.7871571162,6.55211468066
5,5440,ANTIOQUIA,MARINILLA,-75.3394598367,6.17404951538
5,5467,ANTIOQUIA,MONTEBELLO,-75.5235098947,5.94632388294
5,5475,ANTIOQUIA,MURINDO,-76.8174595267,6.97768956086
5,5480,ANTIOQUIA,MUTATA,-76.4358758959,7.24287193339
5,5483,ANTIOQUIA,NARINO,-75.1762617711,5.61077722195
5,5490,ANTIOQUIA,NECOCLI,-76.784574497,8.426136098
5,5495,ANTIOQUIA,NECHI,-74.7764699611,8.09412977783
5,5501,ANTIOQUIA,OLAYA,-75.8118744168,6.62660499706
5,5541,ANTIOQUIA,PENOL,-75.2428178132,6.21945021233
5,5543,ANTIOQUIA,PEQUE,-75.9103556989,7.02103925848
5,5576,ANTIOQUIA,PUEBLORRICO,-75.8397134748,5.79168858961
5,5579,ANTIOQUIA,PUERTO BERRIO,-74.4099459786,6.48703921007
5,5585,ANTIOQUIA,PUERTO NARE,-74.5830116056,6.18602382303
5,5591,ANTIOQUIA,PUERTO TRIUNFO,-74.6412656382,5.87120719689
5,5604,ANTIOQUIA,REMEDIOS,-74.6980471636,7.02939076621
5,5607,ANTIOQUIA,RETIRO,-75.5013756659,6.06338107129
5,5615,ANTIOQUIA,RIONEGRO,-75.3767667557,6.1472245313
5,5628,ANTIOQUIA,SABANALARGA,-75.8166459364,6.85002081371
5,5631,ANTIOQUIA,SABANETA,-75.6155845416,6.15096981767
5,5642,ANTIOQUIA,SALGAR,-75.982048544,5.965640311
5,5647,ANTIOQUIA,SAN ANDRES DE CUERQUIA,-75.6747339859,6.91680279924
5,5649,ANTIOQUIA,SAN CARLOS,-74.9879605158,6.18798980145
5,5652,ANTIOQUIA,SAN FRANCISCO,-75.1015695493,5.96362010537
5,5656,ANTIOQUIA,SAN JERONIMO,-75.7270000843,6.44806585636
5,5658,ANTIOQUIA,SAN JOSE DE LA MONTANA,-75.6833564182,6.85008880044
5,5659,ANTIOQUIA,SAN JUAN DE URABA,-76.5288010416,8.75934428139
5,5660,ANTIOQUIA,SAN LUIS,-74.9936401255,6.04298332565
5,5664,ANTIOQUIA,SAN PEDRO DE LOS MILAGROS,-75.5567189241,6.46013808244
5,5665,ANTIOQUIA,SAN PEDRO DE URABA,-76.3805785791,8.27688468914
5,5667,ANTIOQUIA,SAN RAFAEL,-75.0279828807,6.29375698332
5,5670,ANTIOQUIA,SAN ROQUE,-75.0191661484,6.48594047044
5,5679,ANTIOQUIA,SANTA BARBARA,-75.5673548634,5.87554181135
5,5686,ANTIOQUIA,SANTA ROSA DE OSOS,-75.460740037,6.64332643406
5,5690,ANTIOQUIA,SANTO DOMINGO,-75.1649580592,6.47283350377
5,5697,ANTIOQUIA,EL SANTUARIO,-75.2654679804,6.13685720436
5,5736,ANTIOQUIA,SEGOVIA,-74.701588722,7.07963898594
5,5756,ANTIOQUIA,SONSON,-75.3093960124,5.7148075835
5,5761,ANTIOQUIA,SOPETRAN,-75.7472528656,6.50099259435
5,5789,ANTIOQUIA,TAMESIS,-75.7143199749,5.66446916892
5,5790,ANTIOQUIA,TARAZA,-75.4014092118,7.58011943984
5,5792,ANTIOQUIA,TARSO,-75.8229504893,5.86455255901
5,5809,ANTIOQUIA,TITIRIBI,-75.791888749,6.06239757787
5,5819,ANTIOQUIA,TOLEDO,-75.6914357609,7.01015899618
5,5837,ANTIOQUIA,TURBO,-76.7291596582,8.08911317497
5,5842,ANTIOQUIA,URAMITA,-76.1734055678,6.89849767647
5,5847,ANTIOQUIA,URRAO,-76.1339511488,6.31731976564
5,5854,ANTIOQUIA,VALDIVIA,-75.4391982543,7.1653440936
5,5856,ANTIOQUIA,VALPARAISO,-75.6244635468,5.6145548154
5,5858,ANTIOQUIA,VEGACHI,-74.7987268739,6.77345020849
5,5861,ANTIOQUIA,VENECIA,-75.7355000679,5.96473060641
5,5873,ANTIOQUIA,VIGIA DEL FUERTE,-76.8961862476,6.58812341865
5,5885,ANTIOQUIA,YALI,-74.8400531922,6.67657240531
5,5887,ANTIOQUIA,YARUMAL,-75.4188327746,6.96387109143
5,5890,ANTIOQUIA,YOLOMBO,-75.0133479509,6.59459588827
5,5895,ANTIOQUIA,ZARAGOZA,-74.8670728872,7.48858244262
8,8001,ATLANTICO,BARRANQUILLA,-74.8132169683,10.9783195607
8,8078,ATLANTICO,BARANOA,-74.916106093,10.7948815688
8,8137,ATLANTICO,CAMPO DE LA CRUZ,-74.8808535392,10.3782957218
8,8141,ATLANTICO,CANDELARIA,-74.8799120495,10.4612089848
8,8296,ATLANTICO,GALAPA,-74.8703439389,10.9191614915
8,8372,ATLANTICO,JUAN DE ACOSTA,-75.0406070886,10.8323387608
8,8421,ATLANTICO,LURUACO,-75.1422887632,10.6111248118
8,8433,ATLANTICO,MALAMBO,-74.7748637454,10.856822692
8,8436,ATLANTICO,MANATI,-74.9570353895,10.4489620358
8,8520,ATLANTICO,PALMAR DE VARELA,-74.7547589307,10.7385825597
8,8549,ATLANTICO,PIOJO,-75.1074681737,10.7493431731
8,8558,ATLANTICO,POLONUEVO,-74.8531024212,10.7771663073
8,8560,ATLANTICO,PONEDERA,-74.7539006043,10.6417959018
8,8573,ATLANTICO,PUERTO COLOMBIA,-74.851963055,11.022939949
8,8606,ATLANTICO,REPELON,-75.1254822303,10.4933403213
8,8634,ATLANTICO,SABANAGRANDE,-74.7585063109,10.7910757719
8,8638,ATLANTICO,SABANALARGA,-74.9210950072,10.6328326108
8,8675,ATLANTICO,SANTA LUCIA,-74.9592075848,10.3243082813
8,8685,ATLANTICO,SANTO TOMAS,-74.7577207286,10.7587230349
8,8758,ATLANTICO,SOLEDAD,-74.7848339582,10.9101742784
8,8770,ATLANTICO,SUAN,-74.8816874004,10.3354309226
8,8832,ATLANTICO,TUBARA,-74.9786801062,10.8736512946
8,8849,ATLANTICO,USIACURI,-74.9769840969,10.742979811
11,11001,BOGOTA,BOGOTA,-74.106715324,4.64993705899
13,13042,BOLIVAR,ARENAL,-73.9411210687,8.45862922844
13,13001,BOLIVAR,CARTAGENA DE INDIAS,-75.4964264795,10.3849883546
13,13006,BOLIVAR,ACHI,-74.5575205453,8.56945622216
13,13030,BOLIVAR,ALTOS DEL ROSARIO,-74.1650526808,8.79160326038
13,13052,BOLIVAR,ARJONA,-75.3444876588,10.256630539
13,13062,BOLIVAR,ARROYOHONDO,-75.019214913,10.250075878
13,13074,BOLIVAR,BARRANCO DE LOBA,-74.105224848,8.94773040932
13,13140,BOLIVAR,CALAMAR,-74.9161222621,10.2503611819
13,13160,BOLIVAR,CANTAGALLO,-73.9146507991,7.37831394834
13,13188,BOLIVAR,CICUCO,-74.645585537,9.27456085808
13,13212,BOLIVAR,CORDOBA,-74.8274640871,9.58690944657
13,13222,BOLIVAR,CLEMENCIA,-75.3285123927,10.5675414931
13,13244,BOLIVAR,EL CARMEN DE BOLIVAR,-75.1212066427,9.71861199322
13,13248,BOLIVAR,EL GUAMO,-74.9761147368,10.0309150057
13,13268,BOLIVAR,EL PENON,-73.9494279539,8.98822535038
13,13300,BOLIVAR,HATILLO DE LOBA,-74.0783633089,8.95561446403
13,13430,BOLIVAR,MAGANGUE,-74.7667304396,9.26381346247
13,13433,BOLIVAR,MAHATES,-75.1913392756,10.2332538997
13,13440,BOLIVAR,MARGARITA,-74.280926824,9.155517395
13,13442,BOLIVAR,MARIA LA BAJA,-75.3007611748,9.98264680271
13,13458,BOLIVAR,MONTECRISTO,-74.4714158637,8.29724472765
13,13473,BOLIVAR,MORALES,-73.8681407138,8.27630560493
13,13490,BOLIVAR,NOROSI,-74.0380603025,8.52597866614
13,13549,BOLIVAR,PINILLOS,-74.4624038627,8.91545237529
13,13580,BOLIVAR,REGIDOR,-73.8216376256,8.66625814425
13,13600,BOLIVAR,RIO VIEJO,-73.8399447912,8.587628771
13,13620,BOLIVAR,SAN CRISTOBAL,-75.065534552,10.3928556679
13,13650,BOLIVAR,SAN FERNANDO,-74.3238659855,9.21417846743
13,13654,BOLIVAR,SAN JACINTO,-75.1210906283,9.8302177331
13,13655,BOLIVAR,SAN JACINTO DEL CAUCA,-74.7208279737,8.25173769531
13,13657,BOLIVAR,SAN JUAN NEPOMUCENO,-75.081354128,9.95345322129
13,13667,BOLIVAR,SAN MARTIN DE LOBA,-74.0390124624,8.93709261013
13,13670,BOLIVAR,SAN PABLO,-73.9241717171,7.47671911473
13,13673,BOLIVAR,SANTA CATALINA,-75.2877605206,10.6050569813
13,13688,BOLIVAR,SANTA ROSA DEL SUR,-74.0518401571,7.96287055719
13,13744,BOLIVAR,SIMITI,-73.9467782481,7.95442830168
13,13760,BOLIVAR,SOPLAVIENTO,-75.1364262581,10.3884564354
13,13780,BOLIVAR,TALAIGUA NUEVO,-74.5674682776,9.30401724098
13,13836,BOLIVAR,TURBACO,-75.424409165,10.332772802
13,13838,BOLIVAR,TURBANA,-75.4425018865,10.2744001934
13,13873,BOLIVAR,VILLANUEVA,-75.2751686679,10.4443304246
13,13894,BOLIVAR,ZAMBRANO,-74.8180006807,9.74628103898
15,15001,BOYACA,TUNJA,-73.3554896602,5.5399515492
15,15022,BOYACA,ALMEIDA,-73.378935594,4.97085237348
15,15051,BOYACA,ARCABUCO,-73.4375431565,5.75546754184
15,15087,BOYACA,BELEN,-72.9116162763,5.98928041246
15,15090,BOYACA,BERBEO,-73.1270304656,5.22728677682
15,15092,BOYACA,BETEITIVA,-72.809032309,5.90990555091
15,15097,BOYACA,BOAVITA,-72.5849675798,6.33065368603
15,15104,BOYACA,BOYACA,-73.3623009748,5.45423551545
15,15106,BOYACA,BRICENO,-73.9232607965,5.6908769735
15,15109,BOYACA,BUENAVISTA,-73.9423004687,5.51242923727
15,15114,BOYACA,BUSBANZA,-72.8841622923,5.83139321087
15,15131,BOYACA,CALDAS,-73.865542982,5.55457589379
15,15135,BOYACA,CAMPOHERMOSO,-73.104168327,5.03166002315
15,15162,BOYACA,CERINZA,-72.9482718544,5.95603263546
15,15172,BOYACA,CHINAVITA,-73.3684756833,5.16748347348
15,15176,BOYACA,CHIQUINQUIRA,-73.8183869915,5.61412836353
15,15180,BOYACA,CHISCAS,-72.5016808693,6.5534158413
15,15183,BOYACA,CHITA,-72.471892654,6.18708569854
15,15185,BOYACA,CHITARAQUE,-73.4471010235,6.02742601824
15,15187,BOYACA,CHIVATA,-73.2825292916,5.55894934359
15,15189,BOYACA,CIENEGA,-73.296061354,5.40870037319
15,15204,BOYACA,COMBITA,-73.3239523652,5.63454905762
15,15212,BOYACA,COPER,-74.0454584503,5.47498409448
15,15215,BOYACA,CORRALES,-72.8447949701,5.82810438505
15,15218,BOYACA,COVARACHIA,-72.7389763109,6.50018289986
15,15223,BOYACA,CUBARA,-72.1079447106,6.99726745104
15,15224,BOYACA,CUCAITA,-73.4543383107,5.54445121651
15,15226,BOYACA,CUITIVA,-72.9659185304,5.58036631554
15,15232,BOYACA,CHIQUIZA,0.0,0.0
15,15236,BOYACA,CHIVOR,-73.366893755,4.88778166
15,15238,BOYACA,DUITAMA,-73.030610836,5.82298464605
15,15244,BOYACA,EL COCUY,-72.4447300399,6.40771564853
15,15248,BOYACA,EL ESPINO,-72.4970129087,6.48303062085
15,15272,BOYACA,FIRAVITOBA,-72.9933618342,5.66892506903
15,15276,BOYACA,FLORESTA,-72.9181118071,5.85952057405
15,15293,BOYACA,GACHANTIVA,-73.5490931245,5.75188848507
15,15296,BOYACA,GAMEZA,-72.8055270159,5.80233579091
15,15299,BOYACA,GARAGOA,-73.3644267841,5.08324283869
15,15317,BOYACA,GUACAMAYAS,-72.5008156901,6.45966545849
15,15322,BOYACA,GUATEQUE,-73.4712060695,5.0073212036
15,15325,BOYACA,GUAYATA,-73.4896957862,4.9671242815
15,15332,BOYACA,GUICAN DE LA SIERRA,-72.411765819,6.46285998881
15,15362,BOYACA,IZA,-72.9795593407,5.61157775921
15,15367,BOYACA,JENESANO,-73.3638083915,5.3857721813
15,15368,BOYACA,JERICO,-72.5711238428,6.14575069674
15,15377,BOYACA,LABRANZAGRANDE,-72.5777694431,5.56268780724
15,15380,BOYACA,LA CAPILLA,-73.4443470863,5.09568803762
15,15401,BOYACA,LA VICTORIA,-74.2343971323,5.5237945994
15,15403,BOYACA,LA UVITA,-72.5599870419,6.3162062521
15,15407,BOYACA,VILLA DE LEYVA,-73.5246858959,5.63265703354
15,15425,BOYACA,MACANAL,-73.3196492275,4.97246523201
15,15442,BOYACA,MARIPI,-74.0040590487,5.55008773144
15,15455,BOYACA,MIRAFLORES,-73.1456279863,5.19651615513
15,15464,BOYACA,MONGUA,-72.7981001021,5.75423927382
15,15466,BOYACA,MONGUI,-72.8492622931,5.72340786063
15,15469,BOYACA,MONIQUIRA,-73.5733706158,5.87633305531
15,15476,BOYACA,MOTAVITA,-73.3678389344,5.57770072028
15,15480,BOYACA,MUZO,-74.1027542999,5.53245722089
15,15491,BOYACA,NOBSA,-72.939853172,5.771042607
15,15494,BOYACA,NUEVO COLON,-73.4571348371,5.35514851706
15,15500,BOYACA,OICATA,-73.308404103,5.59523375635
15,15507,BOYACA,OTANCHE,-74.1809678964,5.65753554395
15,15511,BOYACA,PACHAVITA,-73.3969550834,5.14006205365
15,15514,BOYACA,PAEZ,-73.0525553002,5.09789282185
15,15516,BOYACA,PAIPA,-73.1179179167,5.77994168888
15,15518,BOYACA,PAJARITO,-72.7032202088,5.29364101567
15,15522,BOYACA,PANQUEBA,-72.4592015449,6.44307619932
15,15531,BOYACA,PAUNA,-73.97844971,5.65632422107
15,15533,BOYACA,PAYA,-72.4237755806,5.6257001331
15,15537,BOYACA,PAZ DE RIO,-72.7491433309,5.98764091396
15,15542,BOYACA,PESCA,-73.0508685115,5.55881131008
15,15550,BOYACA,PISBA,-72.4859425146,5.7216213544
15,15572,BOYACA,PUERTO BOYACA,-74.5877827354,5.97664715502
15,15580,BOYACA,QUIPAMA,-74.1800347561,5.52055370831
15,15599,BOYACA,RAMIRIQUI,-73.3348676913,5.4002211245
15,15600,BOYACA,RAQUIRA,-73.6325018712,5.53906792025
15,15621,BOYACA,RONDON,-73.2084727551,5.35740204136
15,15632,BOYACA,SABOYA,-73.7646637544,5.69773271604
15,15638,BOYACA,SACHICA,-73.5426340731,5.58359189812
15,15646,BOYACA,SAMACA,-73.4856416273,5.49231280648
15,15660,BOYACA,SAN EDUARDO,-73.0777254035,5.22409747529
15,15664,BOYACA,SAN JOSE DE PARE,-73.5453757662,6.01897480756
15,15667,BOYACA,SAN LUIS DE GACENO,-73.168359454,4.81969008637
15,15673,BOYACA,SAN MATEO,-72.5552600266,6.40168195892
15,15676,BOYACA,SAN MIGUEL DE SEMA,-73.7220038544,5.51808577641
15,15681,BOYACA,SAN PABLO DE BORBUR,-74.0699641591,5.65067434872
15,15686,BOYACA,SANTANA,-73.481231213,6.05741393498
15,15690,BOYACA,SANTA MARIA,-73.2635138961,4.85719292711
15,15693,BOYACA,SANTA ROSA DE VITERBO,-72.9824613082,5.87455316111
15,15696,BOYACA,SANTA SOFIA,-73.6027094257,5.71326789499
15,15720,BOYACA,SATIVANORTE,-72.7084627036,6.13113651918
15,15723,BOYACA,SATIVASUR,-72.7124418159,6.09317687278
15,15740,BOYACA,SIACHOQUE,-73.2446486951,5.51181744443
15,15753,BOYACA,SOATA,-72.6840262208,6.3319109478
15,15755,BOYACA,SOCOTA,-72.6366624073,6.04117646761
15,15757,BOYACA,SOCHA,-72.6919658568,5.99671302142
15,15759,BOYACA,SOGAMOSO,-72.9230476498,5.72568884872
15,15761,BOYACA,SOMONDOCO,-73.4333927745,4.985727338
15,15762,BOYACA,SORA,-73.4501549565,5.56684464415
15,15763,BOYACA,SOTAQUIRA,-73.2465867116,5.76498918403
15,15764,BOYACA,SORACA,-73.3328033775,5.50090450683
15,15774,BOYACA,SUSACON,-72.6902910831,6.23033660169
15,15776,BOYACA,SUTAMARCHAN,-73.6205898779,5.61978069759
15,15778,BOYACA,SUTATENZA,-73.4523142451,5.02298844106
15,15790,BOYACA,TASCO,-72.7810075025,5.90981708972
15,15798,BOYACA,TENZA,-73.4211738566,5.07677835138
15,15804,BOYACA,TIBANA,-73.396456268,5.31725075558
15,15806,BOYACA,TIBASOSA,-72.9994496769,5.74722853114
15,15808,BOYACA,TINJACA,-73.6468538952,5.57971084145
15,15810,BOYACA,TIPACOQUE,-72.693172676,6.418582881
15,15814,BOYACA,TOCA,-73.1847912527,5.56646952357
15,15816,BOYACA,TOGUI,-73.5136559101,5.93743780547
15,15820,BOYACA,TOPAGA,-72.832247594,5.76819800709
15,15822,BOYACA,TOTA,-72.9858969227,5.56050183137
15,15832,BOYACA,TUNUNGUA,-73.933158144,5.730577511
15,15835,BOYACA,TURMEQUE,-73.4918448747,5.32325210287
15,15837,BOYACA,TUTA,-73.2308547731,5.68880380751
15,15839,BOYACA,TUTAZA,-72.856038442,6.03261007719
15,15842,BOYACA,UMBITA,-73.4569158202,5.2211724175
15,15861,BOYACA,VENTAQUEMADA,-73.5224525403,5.36885763606
15,15879,BOYACA,VIRACACHA,-73.2969005657,5.43678857653
15,15897,BOYACA,ZETAQUIRA,-73.1709723341,5.28342464863
17,17001,CALDAS,MANIZALES,-75.4910467146,5.05768733557
17,17013,CALDAS,AGUADAS,-75.454871642,5.61024846724
17,17042,CALDAS,ANSERMA,-75.784340784,5.23647611674
17,17050,CALDAS,ARANZAZU,-75.4912889044,5.27119632374
17,17088,CALDAS,BELALCAZAR,-75.8119012073,4.99382148715
17,17174,CALDAS,CHINCHINA,-75.6074818919,4.98581250175
17,17272,CALDAS,FILADELFIA,-75.5624695597,5.29709791696
17,17380,CALDAS,LA DORADA,-74.6684167053,5.46047440177
17,17388,CALDAS,LA MERCED,-75.5465723441,5.3963721836
17,17433,CALDAS,MANZANARES,-75.1528372887,5.25570837762
17,17442,CALDAS,MARMATO,-75.6002457911,5.47400212843
17,17444,CALDAS,MARQUETALIA,-75.0530937905,5.29752541271
17,17446,CALDAS,MARULANDA,-75.2594017111,5.28433541214
17,17486,CALDAS,NEIRA,-75.5198428283,5.16670622135
17,17495,CALDAS,NORCASIA,-74.8895443807,5.57479382266
17,17513,CALDAS,PACORA,-75.4596225837,5.52717452159
17,17524,CALDAS,PALESTINA,-75.6244642214,5.01783945198
17,17541,CALDAS,PENSILVANIA,-75.1603002765,5.38327868783
17,17614,CALDAS,RIOSUCIO,-75.7020653762,5.42367236012
17,17616,CALDAS,RISARALDA,-75.7672745412,5.16419213427
17,17653,CALDAS,SALAMINA,-75.4872184576,5.40301872766
17,17662,CALDAS,SAMANA,-74.9922442639,5.41308071675
17,17665,CALDAS,SAN JOSE,-75.7920593314,5.08231096392
17,17777,CALDAS,SUPIA,-75.6496602648,5.44683429424
17,17867,CALDAS,VICTORIA,-74.9111571246,5.31741797231
17,17873,CALDAS,VILLAMARIA,-75.513760602,5.043806686
17,17877,CALDAS,VITERBO,-75.870613237,5.06266333127
18,18001,CAQUETA,FLORENCIA,-75.6085597398,1.61792408755
18,18029,CAQUETA,ALBANIA,-75.8783708545,1.328518696
18,18094,CAQUETA,BELEN DE LOS ANDAQUIES,-75.8724736813,1.41578334458
18,18150,CAQUETA,CARTAGENA DEL CHAIRA,-74.847245546,1.3331165659
18,18205,CAQUETA,CURILLO,-75.9192010073,1.03347658287
18,18247,CAQUETA,EL DONCELLO,-75.2835647468,1.67986937815
18,18256,CAQUETA,EL PAUJIL,-75.3261226748,1.57037091057
18,18410,CAQUETA,LA MONTANITA,-75.4364058573,1.4791703207
18,18460,CAQUETA,MILAN,-75.5069587121,1.29041194077
18,18479,CAQUETA,MORELIA,-75.7241445423,1.48661416104
18,18592,CAQUETA,PUERTO RICO,-75.1574899204,1.90893446756
18,18610,CAQUETA,SAN JOSE DEL FRAGUA,-75.9736270384,1.33009035894
18,18753,CAQUETA,SAN VICENTE DEL CAGUAN,-74.768675935,2.119492544
18,18756,CAQUETA,SOLANO,-75.2537069229,0.69897426193
18,18785,CAQUETA,SOLITA,-75.619734067,0.876668991021
18,18860,CAQUETA,VALPARAISO,-75.7065851397,1.19458258545
19,19001,CAUCA,POPAYAN,-76.5988923721,2.45994897276
19,19022,CAUCA,ALMAGUER,-76.8559227702,1.91336278103
19,19050,CAUCA,ARGELIA,-77.2494517909,2.2567543324
19,19075,CAUCA,BALBOA,-77.2158965955,2.04048647608
19,19100,CAUCA,BOLIVAR,-76.966314876,1.83741330862
19,19110,CAUCA,BUENOS AIRES,-76.64227784,3.01543022433
19,19130,CAUCA,CAJIBIO,-76.5708848354,2.62334023515
19,19137,CAUCA,CALDONO,-76.4844459642,2.79812829791
19,19142,CAUCA,CALOTO,-76.4084869367,3.03407175083
19,19212,CAUCA,CORINTO,-76.2613129114,3.17381378314
19,19256,CAUCA,EL TAMBO,-76.8107676072,2.45137293838
19,19290,CAUCA,FLORENCIA,-77.0725301404,1.68251705547
19,19300,CAUCA,GUACHENE,-76.3921808995,3.13415024191
19,19318,CAUCA,GUAPI,-77.8879701101,2.57134940647
19,19355,CAUCA,INZA,-76.0634951224,2.54918501375
19,19364,CAUCA,JAMBALO,-76.3238756382,2.7778396408
19,19392,CAUCA,LA SIERRA,-76.7632016273,2.17932480074
19,19397,CAUCA,LA VEGA,-76.7786274369,2.00178599421
19,19450,CAUCA,MERCADERES,-77.1641946504,1.7924236808
19,19455,CAUCA,MIRANDA,-76.2285628308,3.25456871367
19,19473,CAUCA,MORALES,-76.6292210027,2.75455782584
19,19513,CAUCA,PADILLA,-76.3132915458,3.22084946043
19,19532,CAUCA,PATIA,-77.053281163,2.06919819073
19,19533,CAUCA,PIAMONTE,-76.3270881401,1.11792823066
19,19573,CAUCA,PUERTO TEJADA,-76.4173065509,3.23329388435
19,19585,CAUCA,PURACE,-76.4553662405,2.38106122505
19,19622,CAUCA,ROSAS,-76.7403500133,2.26096996661
19,19693,CAUCA,SAN SEBASTIAN,-76.7693155247,1.83837093703
19,19698,CAUCA,SANTANDER DE QUILICHAO,-76.4853693048,3.0160508863
19,19701,CAUCA,SANTA ROSA,-76.5739728417,1.70241741098
19,19743,CAUCA,SILVIA,-76.3795694468,2.611815128
19,19780,CAUCA,SUAREZ,-76.6934495691,2.95970043631
19,19785,CAUCA,SUCRE,-76.9262768869,2.0382579101
19,19807,CAUCA,TIMBIO,-76.6842365775,2.34997651977
19,19809,CAUCA,TIMBIQUI,-77.6675621458,2.77741263243
19,19821,CAUCA,TORIBIO,-76.2703068212,2.95299012669
19,19824,CAUCA,TOTORO,-76.4036268299,2.51025062018
19,19845,CAUCA,VILLA RICA,-76.4578733961,3.17757710044
20,20001,CESAR,VALLEDUPAR,-73.2593904181,10.4604806696
20,20060,CESAR,BOSCONIA,-73.888765758,9.975094669
20,20011,CESAR,AGUACHICA,-73.6129927186,8.30735417168
20,20013,CESAR,AGUSTIN CODAZZI,-73.2383965158,10.040457318
20,20032,CESAR,ASTREA,-73.9758629785,9.49816273938
20,20045,CESAR,BECERRIL,-73.2791963317,9.70460046236
20,20175,CESAR,CHIMICHAGUA,-73.8133298841,9.2582722175
20,20178,CESAR,CHIRIGUANA,-73.600147529,9.36118941734
20,20228,CESAR,CURUMANI,-73.5409854392,9.20181049336
20,20238,CESAR,EL COPEY,-73.9627178522,10.1495254704
20,20250,CESAR,EL PASO,-73.741788511,9.66847095606
20,20295,CESAR,GAMARRA,-73.7380076768,8.32432947636
20,20310,CESAR,GONZALEZ,-73.380042178,8.38960324723
20,20383,CESAR,LA GLORIA,-73.8032098836,8.61929805971
20,20400,CESAR,LA JAGUA DE IBIRICO,-73.3342269159,9.56388783532
20,20443,CESAR,MANAURE BALCON DEL CESAR,-73.0294704117,10.3907748357
20,20517,CESAR,PAILITAS,-73.6257673178,8.95939949775
20,20550,CESAR,PELAYA,-73.6663564352,8.68865050982
20,20570,CESAR,PUEBLO BELLO,-73.5862472969,10.4172860694
20,20614,CESAR,RIO DE ORO,-73.3863920498,8.29228968373
20,20710,CESAR,SAN ALBERTO,-73.3942253371,7.76082444485
20,20750,CESAR,SAN DIEGO,-73.1812177024,10.333031354
20,20770,CESAR,SAN MARTIN,-73.5109750558,7.99989421258
20,20787,CESAR,TAMALAMEQUE,-73.8121730964,8.86172485582
23,23001,CORDOBA,MONTERIA,-75.8732573059,8.75981523965
23,23068,CORDOBA,AYAPEL,-75.1462884773,8.31444592737
23,23079,CORDOBA,BUENAVISTA,-75.4808968789,8.22116707849
23,23162,CORDOBA,CERETE,-75.7961971634,8.88859098259
23,23168,CORDOBA,CHIMA,-75.6268945872,9.14947838025
23,23182,CORDOBA,CHINU,-75.3997215182,9.10529229865
23,23189,CORDOBA,CIENAGA DE ORO,-75.6207853009,8.87550305273
23,23300,CORDOBA,COTORRA,-75.7991480544,9.03708855987
23,23350,CORDOBA,LA APARTADA,-75.3357616802,8.04990063857
23,23419,CORDOBA,LOS CORDOBAS,-76.3551906966,8.89216246089
23,23464,CORDOBA,MOMIL,-75.6779588318,9.24071061295
23,23466,CORDOBA,MONTELIBANO,-75.4168167918,7.97377871713
23,23500,CORDOBA,MONITOS,-76.1293957384,9.24527627335
23,23555,CORDOBA,PLANETA RICA,-75.5832417103,8.40820221055
23,23570,CORDOBA,PUEBLO NUEVO,-75.5079697769,8.50400390305
23,23574,CORDOBA,PUERTO ESCONDIDO,-76.2604107447,9.00537056386
23,23580,CORDOBA,PUERTO LIBERTADOR,-75.6718011007,7.88883325281
23,23586,CORDOBA,PURISIMA DE LA CONCEPCION,-75.7248856036,9.23929988718
23,23660,CORDOBA,SAHAGUN,-75.4459201696,8.94312756605
23,23670,CORDOBA,SAN ANDRES DE SOTAVENTO,-75.5088929562,9.14515876439
23,23672,CORDOBA,SAN ANTERO,-75.7607741431,9.37621656532
23,23675,CORDOBA,SAN BERNARDO DEL VIENTO,-75.9547986436,9.35228972856
23,23678,CORDOBA,SAN CARLOS,-75.698841723,8.7991072141
23,23682,CORDOBA,SAN JOSE DE URE,-75.5331291795,7.78718605251
23,23686,CORDOBA,SAN PELAYO,-75.8351254915,8.95800878711
23,23807,CORDOBA,TIERRALTA,-76.0596965689,8.17037997285
23,23815,CORDOBA,TUCHIN,-75.5538706654,9.18656992554
23,23855,CORDOBA,VALENCIA,-76.150720786,8.25501643828
25,25001,CUNDINAMARCA,AGUA DE DIOS,-74.6692192503,4.37531467846
25,25019,CUNDINAMARCA,ALBAN,-74.4382648986,4.87802613952
25,25035,CUNDINAMARCA,ANAPOIMA,-74.5285181395,4.562955419
25,25040,CUNDINAMARCA,ANOLAIMA,-74.4638356057,4.76169908987
25,25053,CUNDINAMARCA,ARBELAEZ,-74.4148233831,4.27248220101
25,25086,CUNDINAMARCA,BELTRAN,-74.7418022426,4.80281214522
25,25095,CUNDINAMARCA,BITUIMA,-74.5396180099,4.87224216957
25,25099,CUNDINAMARCA,BOJACA,-74.3445936942,4.73720453576
25,25120,CUNDINAMARCA,CABRERA,-74.4845451143,3.98514461399
25,25123,CUNDINAMARCA,CACHIPAY,-74.4357007521,4.73095518422
25,25126,CUNDINAMARCA,CAJICA,-74.0234537112,4.92081005268
25,25148,CUNDINAMARCA,CAPARRAPI,-74.4911179964,5.34794115431
25,25151,CUNDINAMARCA,CAQUEZA,-73.9464770211,4.4040950188
25,25154,CUNDINAMARCA,CARMEN DE CARUPA,-73.901570514,5.34911594802
25,25168,CUNDINAMARCA,CHAGUANI,-74.5934553124,4.9489152926
25,25175,CUNDINAMARCA,CHIA,-74.0503469604,4.86606490054
25,25178,CUNDINAMARCA,CHIPAQUE,-74.0448735948,4.44267057023
25,25181,CUNDINAMARCA,CHOACHI,-73.9228969985,4.52704366102
25,25183,CUNDINAMARCA,CHOCONTA,-73.6835259612,5.14522357379
25,25200,CUNDINAMARCA,COGUA,-73.9784922543,5.06184103042
25,25214,CUNDINAMARCA,COTA,-74.1027271672,4.81298461
25,25224,CUNDINAMARCA,CUCUNUBA,-73.7662193049,5.24976706731
25,25245,CUNDINAMARCA,EL COLEGIO,-74.4426667684,4.57835941509
25,25258,CUNDINAMARCA,EL PENON,-74.2901958765,5.24882650548
25,25260,CUNDINAMARCA,EL ROSAL,-74.2630068618,4.85053609442
25,25269,CUNDINAMARCA,FACATATIVA,-74.3502169563,4.81303164667
25,25279,CUNDINAMARCA,FOMEQUE,-73.8925231,4.48547472611
25,25281,CUNDINAMARCA,FOSCA,-73.9390162392,4.33910044417
25,25286,CUNDINAMARCA,FUNZA,-74.2014894559,4.71038172914
25,25288,CUNDINAMARCA,FUQUENE,-73.7958567831,5.40403277371
25,25290,CUNDINAMARCA,FUSAGASUGA,-74.3754601635,4.33667468248
25,25293,CUNDINAMARCA,GACHALA,-73.5201588297,4.69357747191
25,25295,CUNDINAMARCA,GACHANCIPA,-73.8734668101,4.99091874874
25,25297,CUNDINAMARCA,GACHETA,-73.6363761477,4.81641129086
25,25299,CUNDINAMARCA,GAMA,-73.6110316368,4.76334094534
25,25307,CUNDINAMARCA,GIRARDOT,-74.7977961492,4.31307939531
25,25312,CUNDINAMARCA,GRANADA,-74.3507638172,4.51976536572
25,25317,CUNDINAMARCA,GUACHETA,-73.6870945845,5.38374153344
25,25320,CUNDINAMARCA,GUADUAS,-74.6029553866,5.07187008998
25,25322,CUNDINAMARCA,GUASCA,-73.8771423949,4.86671913331
25,25324,CUNDINAMARCA,GUATAQUI,-74.7899684165,4.5174185796
25,25326,CUNDINAMARCA,GUATAVITA,-73.8329037894,4.93513630968
25,25328,CUNDINAMARCA,GUAYABAL DE SIQUIMA,-74.4674372775,4.87796944798
25,25335,CUNDINAMARCA,GUAYABETAL,-73.8150933246,4.21529724505
25,25339,CUNDINAMARCA,GUTIERREZ,-74.0030457779,4.25467590551
25,25368,CUNDINAMARCA,JERUSALEN,-74.6954162724,4.56230969976
25,25372,CUNDINAMARCA,JUNIN,-73.6629251148,4.79038167706
25,25377,CUNDINAMARCA,LA CALERA,-73.967966495,4.72138578652
25,25386,CUNDINAMARCA,LA MESA,-74.4615492187,4.63104312817
25,25394,CUNDINAMARCA,LA PALMA,-74.3910209321,5.35881843551
25,25398,CUNDINAMARCA,LA PENA,-74.3940946971,5.19896214326
25,25402,CUNDINAMARCA,LA VEGA,-74.331153833,4.993079959
25,25407,CUNDINAMARCA,LENGUAZAQUE,-73.7114939184,5.30614737724
25,25426,CUNDINAMARCA,MACHETA,-73.6083234775,5.08019042488
25,25430,CUNDINAMARCA,MADRID,-74.2637266314,4.73273240481
25,25436,CUNDINAMARCA,MANTA,-73.5404981602,5.00905719083
25,25438,CUNDINAMARCA,MEDINA,-73.3491229581,4.50661521497
25,25473,CUNDINAMARCA,MOSQUERA,-74.2193416046,4.70701024824
25,25483,CUNDINAMARCA,NARINO,-74.8247329958,4.39983661649
25,25486,CUNDINAMARCA,NEMOCON,-73.8778894768,5.0687018248
25,25488,CUNDINAMARCA,NILO,-74.6199683585,4.30580601104
25,25489,CUNDINAMARCA,NIMAIMA,-74.3860115955,5.12602571317
25,25491,CUNDINAMARCA,NOCAIMA,-74.3791125286,5.06946324832
25,25506,CUNDINAMARCA,VENECIA,-74.4781884861,4.0889533173
25,25513,CUNDINAMARCA,PACHO,-74.156116064,5.13694532224
25,25518,CUNDINAMARCA,PAIME,-74.1522155939,5.37048460317
25,25524,CUNDINAMARCA,PANDI,-74.4866421835,4.19039063967
25,25530,CUNDINAMARCA,PARATEBUENO,-73.2128246502,4.37483210325
25,25535,CUNDINAMARCA,PASCA,-74.3024837134,4.30905937901
25,25572,CUNDINAMARCA,PUERTO SALGAR,-74.6537031753,5.46542650967
25,25580,CUNDINAMARCA,PULI,-74.7144742699,4.68179462875
25,25592,CUNDINAMARCA,QUEBRADANEGRA,-74.4801450411,5.11806886067
25,25594,CUNDINAMARCA,QUETAME,-73.863113968,4.32982614634
25,25596,CUNDINAMARCA,QUIPILE,-74.5337016265,4.74480125713
25,25599,CUNDINAMARCA,APULO,-74.5938056203,4.52034489324
25,25612,CUNDINAMARCA,RICAURTE,-74.7728657999,4.28211362022
25,25645,CUNDINAMARCA,SAN ANTONIO DEL TEQUENDAMA,-74.3514505895,4.61613464307
25,25649,CUNDINAMARCA,SAN BERNARDO,-74.422961919,4.1794285861
25,25658,CUNDINAMARCA,SAN FRANCISCO,-74.2896710065,4.97291953172
25,25662,CUNDINAMARCA,SAN JUAN DE RIOSECO,-74.6219134166,4.84757915971
25,25718,CUNDINAMARCA,SASAIMA,-74.4326283935,4.96216463559
25,25736,CUNDINAMARCA,SESQUILE,-73.7961289492,5.04472822375
25,25740,CUNDINAMARCA,SIBATE,-74.2578772349,4.49261081381
25,25743,CUNDINAMARCA,SILVANIA,-74.4055246172,4.3819448056
25,25745,CUNDINAMARCA,SIMIJACA,-73.8503228188,5.5054287938
25,25754,CUNDINAMARCA,SOACHA,-74.2154309452,4.57939176705
25,25758,CUNDINAMARCA,SOPO,-73.9433295095,4.91539965901
25,25769,CUNDINAMARCA,SUBACHOQUE,-74.1727096099,4.92907887681
25,25772,CUNDINAMARCA,SUESCA,-73.7982887059,5.1035175118
25,25777,CUNDINAMARCA,SUPATA,-74.2354038495,5.06161647674
25,25779,CUNDINAMARCA,SUSA,-73.8140048231,5.45486633706
25,25781,CUNDINAMARCA,SUTATAUSA,-73.853153077,5.24748742315
25,25785,CUNDINAMARCA,TABIO,-74.0961796864,4.91720363832
25,25793,CUNDINAMARCA,TAUSA,-73.8864782256,5.19655208391
25,25797,CUNDINAMARCA,TENA,-74.3895411831,4.65532786239
25,25799,CUNDINAMARCA,TENJO,-74.1439551406,4.87195981007
25,25805,CUNDINAMARCA,TIBACUY,-74.4526612198,4.34859760533
25,25807,CUNDINAMARCA,TIBIRITA,-73.5045147407,5.05227733692
25,25815,CUNDINAMARCA,TOCAIMA,-74.6363056249,4.45927226504
25,25817,CUNDINAMARCA,TOCANCIPA,-73.9120940816,4.96478385194
25,25823,CUNDINAMARCA,TOPAIPI,-74.3006326154,5.33622359875
25,25839,CUNDINAMARCA,UBALA,-73.5315000926,4.74752288166
25,25841,CUNDINAMARCA,UBAQUE,-73.9334633747,4.4837999031
25,25843,CUNDINAMARCA,VILLA DE SAN DIEGO DE UBATE,-73.814345661,5.30754135963
25,25845,CUNDINAMARCA,UNE,-74.0251807261,4.40245072334
25,25851,CUNDINAMARCA,UTICA,-74.4831194836,5.19058902078
25,25862,CUNDINAMARCA,VERGARA,-74.3463679542,5.11730960751
25,25867,CUNDINAMARCA,VIANI,-74.5613311936,4.87520248858
25,25871,CUNDINAMARCA,VILLAGOMEZ,-74.1951478206,5.27302546567
25,25873,CUNDINAMARCA,VILLAPINZON,-73.5953530971,5.2164390104
25,25875,CUNDINAMARCA,VILLETA,-74.4697042298,5.01279238093
25,25878,CUNDINAMARCA,VIOTA,-74.5231620222,4.43935379121
25,25885,CUNDINAMARCA,YACOPI,-74.3380248611,5.45928242265
25,25898,CUNDINAMARCA,ZIPACON,-74.3795933564,4.75992897105
25,25899,CUNDINAMARCA,ZIPAQUIRA,-73.9944757558,5.02547142431
27,27006,CHOCO,ACANDI,-77.2800957148,8.51140193491
27,27073,CHOCO,BAGADO,-76.4152936715,5.41055568413
27,27160,CHOCO,CERTEGUI,-76.6080268196,5.37158958934
27,27205,CHOCO,CONDOTO,-76.6506792768,5.09100466095
27,27245,CHOCO,EL CARMEN DE ATRATO,-76.1422304494,5.89975011243
27,27361,CHOCO,ISTMINA,-76.6851798282,5.15394631811
27,27372,CHOCO,JURADO,-77.7627510362,7.10361916064
27,27413,CHOCO,LLORO,-76.5450652111,5.49791739086
27,27491,CHOCO,NOVITA,-76.609467281,4.95606296389
27,27495,CHOCO,NUQUI,-77.265866996,5.70952628172
27,27615,CHOCO,RIOSUCIO,-77.1131097247,7.43663369807
27,27660,CHOCO,SAN JOSE DEL PALMAR,-76.232848825,4.89759308
27,27745,CHOCO,SIPI,-76.6444041851,4.65120437592
27,27787,CHOCO,TADO,-76.5584839714,5.26482627108
27,27800,CHOCO,UNGUIA,-77.0925373837,8.04406133438
41,41001,HUILA,NEIVA,-75.2777314808,2.93555887476
41,41006,HUILA,ACEVEDO,-75.8885349597,1.80526386823
41,41013,HUILA,AGRADO,-75.7719044253,2.259730156
41,41016,HUILA,AIPE,-75.2390312259,3.22359766887
41,41020,HUILA,ALGECIRAS,-75.3153713579,2.52244696827
41,41026,HUILA,ALTAMIRA,-75.7883602228,2.06371185583
41,41078,HUILA,BARAYA,-75.0544887925,3.15255100755
41,41132,HUILA,CAMPOALEGRE,-75.325759412,2.6868370205
41,41206,HUILA,COLOMBIA,-74.8028152505,3.37697664839
41,41244,HUILA,ELIAS,-75.9380188082,2.01270035981
41,41298,HUILA,GARZON,-75.6270510273,2.1964533881
41,41306,HUILA,GIGANTE,-75.5476811212,2.38403102318
41,41319,HUILA,GUADALUPE,-75.7570381788,2.0241600111
41,41349,HUILA,HOBO,-75.4477305142,2.58082594244
41,41357,HUILA,IQUIRA,-75.6345024698,2.64935228705
41,41378,HUILA,LA ARGENTINA,-75.9797673085,2.19824600615
41,41396,HUILA,LA PLATA,-75.8914521307,2.3896474978
41,41483,HUILA,NATAGA,-75.8087812875,2.54535125354
41,41503,HUILA,OPORAPA,-75.9951786162,2.02505692943
41,41518,HUILA,PAICOL,-75.7729935935,2.44954939456
41,41524,HUILA,PALERMO,-75.4348239701,2.88937485898
41,41530,HUILA,PALESTINA,-76.1330745868,1.72344447572
41,41548,HUILA,PITAL,-75.8040001118,2.26668106868
41,41551,HUILA,PITALITO,-76.0490044984,1.85297434352
41,41615,HUILA,RIVERA,-75.258550208,2.77757018071
41,41660,HUILA,SALADOBLANCO,-76.0447691689,1.99319375367
41,41668,HUILA,SAN AGUSTIN,-76.2703587983,1.8810855128
41,41676,HUILA,SANTA MARIA,-75.5861244534,2.93974915231
41,41770,HUILA,SUAZA,-75.7950572711,1.97584502137
41,41791,HUILA,TARQUI,-75.8235763181,2.11132341997
41,41797,HUILA,TESALIA,-75.7298384859,2.48605278998
41,41799,HUILA,TELLO,-75.1387731609,3.06753684585
41,41801,HUILA,TERUEL,-75.5670364688,2.74097042738
41,41807,HUILA,TIMANA,-75.9320853384,1.97422503882
41,41872,HUILA,VILLAVIEJA,-75.2171038079,3.21883156581
41,41885,HUILA,YAGUARA,-75.5180231181,2.66469363692
44,44001,LA GUAJIRA,RIOHACHA,-72.9114873118,11.5287502128
44,44035,LA GUAJIRA,ALBANIA,-72.6123282482,11.1516112258
44,44078,LA GUAJIRA,BARRANCAS,-72.7935757813,10.9586657579
44,44090,LA GUAJIRA,DIBULLA,-73.3076206855,11.2715687878
44,44098,LA GUAJIRA,DISTRACCION,-72.8873913777,10.8984720802
44,44110,LA GUAJIRA,EL MOLINO,-72.9267422648,10.6535029819
44,44279,LA GUAJIRA,FONSECA,-72.8462546857,10.8866535788
44,44378,LA GUAJIRA,HATONUEVO,-72.7590172472,11.0687421081
44,44420,LA GUAJIRA,LA JAGUA DEL PILAR,-73.0725613221,10.5116713993
44,44430,LA GUAJIRA,MAICAO,-72.2419044542,11.3783279454
44,44560,LA GUAJIRA,MANAURE,-72.4395863069,11.7739428149
44,44650,LA GUAJIRA,SAN JUAN DEL CESAR,-73.0005931272,10.7695782636
44,44847,LA GUAJIRA,URIBIA,-72.2647599261,11.7146470766
44,44855,LA GUAJIRA,URUMITA,-73.0125081065,10.5601686746
44,44874,LA GUAJIRA,VILLANUEVA,-72.9776225919,10.6088113359
47,47001,MAGDALENA,SANTA MARTA,-74.2002109893,11.2047725963
47,47030,MAGDALENA,ALGARROBO,-74.061131388,10.1880372898
47,47053,MAGDALENA,ARACATACA,-74.1867609537,10.5897988592
47,47161,MAGDALENA,CERRO DE SAN ANTONIO,-74.8684730704,10.3256533075
47,47170,MAGDALENA,CHIVOLO,-74.6231370766,10.0268400946
47,47189,MAGDALENA,CIENAGA,-74.2412855651,11.0066586077
47,47205,MAGDALENA,CONCORDIA,-74.833031377,10.2573102662
47,47245,MAGDALENA,EL BANCO,-73.9742847149,9.0087359751
47,47258,MAGDALENA,EL PINON,-74.8232919445,10.4030943537
47,47268,MAGDALENA,EL RETEN,-74.2684546741,10.6106681998
47,47288,MAGDALENA,FUNDACION,-74.1913417387,10.5140917977
47,47318,MAGDALENA,GUAMAL,-74.2236997384,9.14438638111
47,47541,MAGDALENA,PEDRAZA,-74.9154587828,10.1882048875
47,47551,MAGDALENA,PIVIJAY,-74.6135180767,10.4606939662
47,47555,MAGDALENA,PLATO,-74.784684214,9.79677054749
47,47570,MAGDALENA,PUEBLOVIEJO,-74.2824768666,10.9948385981
47,47605,MAGDALENA,REMOLINO,-74.716139312,10.7021709717
47,47675,MAGDALENA,SALAMINA,-74.7941894058,10.4912293928
47,47692,MAGDALENA,SAN SEBASTIAN DE BUENAVISTA,-74.3516789515,9.24078172832
47,47703,MAGDALENA,SAN ZENON,-74.4989888678,9.24506385456
47,47707,MAGDALENA,SANTA ANA,-74.5668440377,9.32429335632
47,47720,MAGDALENA,SANTA BARBARA DE PINTO,-74.7046839218,9.4322584701
47,47745,MAGDALENA,SITIONUEVO,-74.7201694573,10.775407167
47,47798,MAGDALENA,TENERIFE,-74.8607737651,9.8977882091
50,50001,META,VILLAVICENCIO,-73.624562528,4.1238593011
50,50006,META,ACACIAS,-73.7659360698,3.99012009704
50,50110,META,BARRANCA DE UPIA,-72.9632757114,4.56720152053
50,50124,META,CABUYARO,-72.7919811358,4.28592465004
50,50150,META,CASTILLA LA NUEVA,-73.6881308587,3.82804244894
50,50223,META,CUBARRAL,-73.8377386881,3.79361967387
50,50226,META,CUMARAL,-73.4861069057,4.26953744789
50,50245,META,EL CALVARIO,-73.7133268969,4.35261856617
50,50251,META,EL CASTILLO,-73.7940123336,3.56383333473
50,50270,META,EL DORADO,-73.8350177222,3.7399977854
50,50287,META,FUENTEDEORO,-73.6179805402,3.46287020088
50,50313,META,GRANADA,-73.7057158517,3.5466952856
50,50318,META,GUAMAL,-73.7699625676,3.88014002777
50,50325,META,MAPIRIPAN,-72.1356448716,2.89643885969
50,50330,META,MESETAS,-74.0443712626,3.38325958558
50,50350,META,LA MACARENA,-73.7870674795,2.17821444079
50,50370,META,URIBE,-74.3515437091,3.23965331351
50,50400,META,LEJANIAS,-74.0231951223,3.52474093193
50,50450,META,PUERTO CONCORDIA,-72.7600452582,2.62308359227
50,50568,META,PUERTO GAITAN,-72.083078729,4.314485152
50,50573,META,PUERTO LOPEZ,-72.9574366102,4.09340699377
50,50577,META,PUERTO LLERAS,-73.3738481508,3.27211893514
50,50590,META,PUERTO RICO,-73.2065146907,2.93974329234
50,50606,META,RESTREPO,-73.5646064827,4.26072972714
50,50680,META,SAN CARLOS DE GUAROA,-73.2414110088,3.71053695717
50,50683,META,SAN JUAN DE ARAMA,-73.8758311729,3.37372791392
50,50686,META,SAN JUANITO,-73.6767015182,4.45818278703
50,50689,META,SAN MARTIN,-73.6956173593,3.70188012803
50,50711,META,VISTAHERMOSA,-73.7510280336,3.1256671671
52,52022,NARINO,ALDANA,-77.7003576715,0.882181786542
52,52036,NARINO,ANCUYA,-77.5145167557,1.2633075786
52,52079,NARINO,BARBACOAS,-78.1375768702,1.67144343524
52,52083,NARINO,BELEN,-77.0156674722,1.59563639683
52,52110,NARINO,BUESACO,-77.1564755847,1.38144599558
52,52207,NARINO,CONSACA,-77.4657291646,1.20762916553
52,52210,NARINO,CONTADERO,-77.5494126615,0.910459437261
52,52215,NARINO,CORDOBA,-77.5178993163,0.854572506919
52,52227,NARINO,CUMBAL,-77.7922761776,0.906185196967
52,52233,NARINO,CUMBITARA,-77.5781428707,1.6468385371
52,52240,NARINO,CHACHAGUI,-77.2816959,1.36032207453
52,52250,NARINO,EL CHARCO,-78.1095349747,2.48008913955
52,52254,NARINO,EL PENOL,-77.4385211287,1.45356662393
52,52256,NARINO,EL ROSARIO,-77.334167969,1.74529986473
52,52258,NARINO,EL TABLON DE GOMEZ,-77.0967278598,1.42704940171
52,52260,NARINO,EL TAMBO,-77.3902057813,1.4076491661
52,52287,NARINO,FUNES,-77.4489750806,1.00113044411
52,52317,NARINO,GUACHUCAL,-77.7315945908,0.959739983939
52,52320,NARINO,GUAITARILLA,-77.5496855022,1.12963027843
52,52323,NARINO,GUALMATAN,-77.5686640969,0.919672117789
52,52352,NARINO,ILES,-77.5209761227,0.969202404611
52,52354,NARINO,IMUES,-77.4961681198,1.05513327782
52,52356,NARINO,IPIALES,-77.6463999012,0.827735060636
52,52378,NARINO,LA CRUZ,-76.9705345817,1.60134086722
52,52381,NARINO,LA FLORIDA,-77.406436071,1.299192798
52,52385,NARINO,LA LLANADA,-77.5807206702,1.47264363566
52,52390,NARINO,LA TOLA,-78.1903918916,2.3982099715
52,52399,NARINO,LA UNION,-77.1311540017,1.60025484037
52,52405,NARINO,LEIVA,-77.3062024933,1.93451165112
52,52411,NARINO,LINARES,-77.5237925292,1.35078991287
52,52473,NARINO,MOSQUERA,-78.4529721975,2.5071274382
52,52480,NARINO,NARINO,-77.3579742048,1.28897586144
52,52506,NARINO,OSPINA,-77.5660692089,1.05849067089
52,52540,NARINO,POLICARPA,-77.458755671,1.62734987378
52,52560,NARINO,POTOSI,-77.5727915178,0.806342052071
52,52565,NARINO,PROVIDENCIA,-77.596587745,1.2376869879
52,52573,NARINO,PUERRES,-77.5042106322,0.885125369631
52,52585,NARINO,PUPIALES,-77.63350443,0.867138527
52,52612,NARINO,RICAURTE,-77.9954468866,1.21293165479
52,52678,NARINO,SAMANIEGO,-77.5944553745,1.33535141458
52,52683,NARINO,SANDONA,-77.4730451357,1.28314414356
52,52685,NARINO,SAN BERNARDO,-77.0475260871,1.51370439814
52,52687,NARINO,SAN LORENZO,-77.2152397164,1.50333968093
52,52693,NARINO,SAN PABLO,-77.0139256051,1.66942879125
52,52694,NARINO,SAN PEDRO DE CARTAGO,-77.1194170341,1.55148084166
52,52720,NARINO,SAPUYES,-77.6202980414,1.03752383941
52,52786,NARINO,TAMINANGO,-77.2802201494,1.57004727576
52,52788,NARINO,TANGUA,-77.3926919626,1.0948780282
52,52838,NARINO,TUQUERRES,-77.6168833378,1.08519299564
52,52885,NARINO,YACUANQUER,-77.4004765826,1.11579938415
54,54001,NORTE DE SANTANDER,CUCUTA,-72.5080651202,7.90558402069
54,54003,NORTE DE SANTANDER,ABREGO,-73.2217345921,8.08178182803
54,54051,NORTE DE SANTANDER,ARBOLEDAS,-72.7988785326,7.64297110663
54,54099,NORTE DE SANTANDER,BOCHALEMA,-72.6470372457,7.61216882308
54,54109,NORTE DE SANTANDER,BUCARASICA,-72.8679545898,8.04116298794
54,54125,NORTE DE SANTANDER,CACOTA,-72.6420639099,7.26870600207
54,54128,NORTE DE SANTANDER,CACHIRA,-73.0487542769,7.74089485038
54,54172,NORTE DE SANTANDER,CHINACOTA,-72.601158456,7.60295918667
54,54174,NORTE DE SANTANDER,CHITAGA,-72.665435191,7.1381248415
54,54206,NORTE DE SANTANDER,CONVENCION,-73.3372098547,8.47037222338
54,54223,NORTE DE SANTANDER,CUCUTILLA,-72.7725742725,7.53899847059
54,54239,NORTE DE SANTANDER,DURANIA,-72.6586018005,7.71477918347
54,54245,NORTE DE SANTANDER,EL CARMEN,-73.4467003188,8.51059912297
54,54250,NORTE DE SANTANDER,EL TARRA,-73.0948482229,8.57676937385
54,54261,NORTE DE SANTANDER,EL ZULIA,-72.6046120661,7.93817417215
54,54313,NORTE DE SANTANDER,GRAMALOTE,0.0,0.0
54,54344,NORTE DE SANTANDER,HACARI,-73.1459704225,8.32170628125
54,54347,NORTE DE SANTANDER,HERRAN,-72.4835192832,7.50654351972
54,54377,NORTE DE SANTANDER,LABATECA,-72.4958768009,7.29833227871
54,54385,NORTE DE SANTANDER,LA ESPERANZA,-73.3278977166,7.63999106968
54,54398,NORTE DE SANTANDER,LA PLAYA,-73.2386418368,8.21263296004
54,54405,NORTE DE SANTANDER,LOS PATIOS,-72.5057141873,7.83324937685
54,54418,NORTE DE SANTANDER,LOURDES,-72.8323786178,7.94542916211
54,54480,NORTE DE SANTANDER,MUTISCUA,-72.7471428991,7.30027741166
54,54498,NORTE DE SANTANDER,OCANA,-73.355814925,8.24746216282
54,54518,NORTE DE SANTANDER,PAMPLONA,-72.64768472,7.37284757284
54,54520,NORTE DE SANTANDER,PAMPLONITA,-72.6392033235,7.43674631412
54,54553,NORTE DE SANTANDER,PUERTO SANTANDER,-72.4103128587,8.36094479506
54,54599,NORTE DE SANTANDER,RAGONVALIA,-72.4767028257,7.57786103871
54,54670,NORTE DE SANTANDER,SAN CALIXTO,-73.2085273768,8.40242190738
54,54673,NORTE DE SANTANDER,SAN CAYETANO,-72.6254110291,7.87553332058
54,54680,NORTE DE SANTANDER,SANTIAGO,-72.7162440314,7.86567709707
54,54720,NORTE DE SANTANDER,SARDINATA,-72.8007580493,8.08202065536
54,54743,NORTE DE SANTANDER,SILOS,-72.7570633326,7.20479131268
54,54800,NORTE DE SANTANDER,TEORAMA,-73.287073938,8.43812602697
54,54810,NORTE DE SANTANDER,TIBU,-72.7342132578,8.63899279345
54,54820,NORTE DE SANTANDER,TOLEDO,-72.4819073532,7.30770174274
54,54871,NORTE DE SANTANDER,VILLA CARO,-72.9736512466,7.91428193861
54,54874,NORTE DE SANTANDER,VILLA DEL ROSARIO,-72.4700680064,7.84748634411
63,63001,QUINDIO,ARMENIA,-75.6807545438,4.535987208
63,63111,QUINDIO,BUENAVISTA,-75.7395664635,4.36002504159
63,63130,QUINDIO,CALARCA,-75.6455330683,4.52148797904
63,63190,QUINDIO,CIRCASIA,-75.6365262734,4.61779473259
63,63212,QUINDIO,CORDOBA,-75.6878697204,4.39248649385
63,63272,QUINDIO,FILANDIA,-75.6586823883,4.67414703386
63,63302,QUINDIO,GENOVA,-75.790631528,4.20651089858
63,63401,QUINDIO,LA TEBAIDA,-75.786460159,4.45365278508
63,63470,QUINDIO,MONTENEGRO,-75.7498287033,4.56505578418
63,63548,QUINDIO,PIJAO,-75.7033166279,4.33504179687
63,63594,QUINDIO,QUIMBAYA,-75.7650742652,4.62438412181
63,63690,QUINDIO,SALENTO,-75.5708458112,4.63715372291
66,66001,RISARALDA,PEREIRA,-75.7190152322,4.80532287092
66,66045,RISARALDA,APIA,-75.942359483,5.10652456009
66,66075,RISARALDA,BALBOA,-75.9586806381,4.94900740381
66,66088,RISARALDA,BELEN DE UMBRIA,-75.868216089,5.20064515187
66,66170,RISARALDA,DOSQUEBRADAS,-75.6761693197,4.83402887527
66,66318,RISARALDA,GUATICA,-75.7990077966,5.31536038013
66,66383,RISARALDA,LA CELIA,-76.0030868756,5.00286711372
66,66400,RISARALDA,LA VIRGINIA,-75.8802026174,4.89654777308
66,66440,RISARALDA,MARSELLA,-75.7385816147,4.93556204249
66,66456,RISARALDA,MISTRATO,-75.8828627404,5.29706285959
66,66572,RISARALDA,PUEBLO RICO,-76.0306678019,5.22191328206
66,66594,RISARALDA,QUINCHIA,-75.7304104711,5.34044152422
66,66682,RISARALDA,SANTA ROSA DE CABAL,-75.6234918103,4.87640374593
66,66687,RISARALDA,SANTUARIO,-75.9645220611,5.07493802723
68,68001,SANTANDER,BUCARAMANGA,-73.1325976221,7.11626842734
68,68013,SANTANDER,AGUADA,-73.5232262196,6.16224498637
68,68020,SANTANDER,ALBANIA,-73.9140635028,5.7589853512
68,68051,SANTANDER,ARATOCA,-73.0178497692,6.694438882
68,68077,SANTANDER,BARBOSA,-73.6159986977,5.93261018035
68,68079,SANTANDER,BARICHARA,-73.2230998455,6.63423130708
68,68081,SANTANDER,BARRANCABERMEJA,-73.8499567312,7.06496573153
68,68092,SANTANDER,BETULIA,-73.2836713462,6.89952350256
68,68101,SANTANDER,BOLIVAR,-73.7713434117,5.98895175043
68,68121,SANTANDER,CABRERA,-73.2465030679,6.59226462461
68,68132,SANTANDER,CALIFORNIA,-72.9463686609,7.34788166378
68,68147,SANTANDER,CAPITANEJO,-72.6954661576,6.52741643996
68,68152,SANTANDER,CARCASI,-72.627083427,6.6287276598
68,68160,SANTANDER,CEPITA,-72.9735370615,6.75351236838
68,68162,SANTANDER,CERRITO,-72.6950486627,6.84027556538
68,68167,SANTANDER,CHARALA,-73.1468716584,6.28434433944
68,68169,SANTANDER,CHARTA,-72.9687942408,7.28081908866
68,68176,SANTANDER,CHIMA,-73.3737319916,6.34435038365
68,68179,SANTANDER,CHIPATA,-73.6371138841,6.06252035758
68,68190,SANTANDER,CIMITARRA,-73.9525715248,6.32063022524
68,68207,SANTANDER,CONCEPCION,-72.694595635,6.76883643116
68,68209,SANTANDER,CONFINES,-73.2405558524,6.35733168284
68,68211,SANTANDER,CONTRATACION,-73.4744250645,6.29055860254
68,68217,SANTANDER,COROMORO,-73.0408156038,6.29499521987
68,68229,SANTANDER,CURITI,-73.0693896277,6.6051082188
68,68235,SANTANDER,EL CARMEN DE CHUCURI,-73.511267745,6.697907475
68,68245,SANTANDER,EL GUACAMAYO,-73.496894218,6.24512015463
68,68250,SANTANDER,EL PENON,-73.8156489155,6.05505062658
68,68255,SANTANDER,EL PLAYON,-73.2028762556,7.47071669899
68,68264,SANTANDER,ENCINO,-73.0987358142,6.13741450884
68,68266,SANTANDER,ENCISO,-72.6996509127,6.66803370305
68,68271,SANTANDER,FLORIAN,-73.9714235605,5.80465898835
68,68276,SANTANDER,FLORIDABLANCA,-73.0990307075,7.07236450273
68,68296,SANTANDER,GALAN,-73.2877642173,6.638415125
68,68298,SANTANDER,GAMBITA,-73.3441797754,5.94597839459
68,68307,SANTANDER,GIRON,-73.1667133582,7.07052391696
68,68318,SANTANDER,GUACA,-72.8563231479,6.87656058399
68,68320,SANTANDER,GUADALUPE,-73.4192939265,6.24584325297
68,68322,SANTANDER,GUAPOTA,-73.3206973026,6.30858560635
68,68324,SANTANDER,GUAVATA,-73.7008028162,5.95413334223
68,68327,SANTANDER,GUEPSA,-73.5748541849,6.02517506342
68,68344,SANTANDER,HATO,-73.3082704431,6.543874338
68,68368,SANTANDER,JESUS MARIA,-73.7833343323,5.87654384542
68,68377,SANTANDER,LA BELLEZA,-73.9656247433,5.85955359883
68,68385,SANTANDER,LANDAZURI,-73.8110930176,6.21874730469
68,68397,SANTANDER,LA PAZ,-73.5895994589,6.17850468664
68,68406,SANTANDER,LEBRIJA,-73.2195525933,7.11335571687
68,68418,SANTANDER,LOS SANTOS,-73.1026597725,6.75517251979
68,68425,SANTANDER,MACARAVITA,-72.5931111569,6.50658059488
68,68432,SANTANDER,MALAGA,-72.7323808831,6.70305452003
68,68444,SANTANDER,MATANZA,-73.0155652728,7.32318040602
68,68464,SANTANDER,MOGOTES,-72.9698135047,6.47521108164
68,68468,SANTANDER,MOLAGAVITA,-72.8094754311,6.6743545443
68,68498,SANTANDER,OCAMONTE,-73.1225558791,6.33999508462
68,68500,SANTANDER,OIBA,-73.2997849665,6.26517211387
68,68502,SANTANDER,ONZAGA,-72.8167547282,6.34409903428
68,68522,SANTANDER,PALMAR,-73.2910906977,6.53778291763
68,68524,SANTANDER,PALMAS DEL SOCORRO,-73.287762166,6.40613939878
68,68533,SANTANDER,PARAMO,-73.1703905871,6.41659506947
68,68547,SANTANDER,PIEDECUESTA,-73.0545933904,6.99735677431
68,68549,SANTANDER,PINCHOTE,-73.1729190191,6.53206093514
68,68572,SANTANDER,PUENTE NACIONAL,-73.6781328396,5.87796256489
68,68573,SANTANDER,PUERTO PARRA,-74.0560908372,6.65080789008
68,68575,SANTANDER,PUERTO WILCHES,-73.899334022,7.349066143
68,68615,SANTANDER,RIONEGRO,-73.150142083,7.26500895024
68,68655,SANTANDER,SABANA DE TORRES,-73.4990518794,7.39191179389
68,68669,SANTANDER,SAN ANDRES,-72.8489688078,6.81150917867
68,68673,SANTANDER,SAN BENITO,-73.5091199864,6.12666534773
68,68679,SANTANDER,SAN GIL,-73.1351665257,6.55295530633
68,68682,SANTANDER,SAN JOAQUIN,-72.8676409519,6.42755440169
68,68684,SANTANDER,SAN JOSE DE MIRANDA,-72.7336238268,6.6589966561
68,68686,SANTANDER,SAN MIGUEL,-72.6441554258,6.57562710592
68,68689,SANTANDER,SAN VICENTE DE CHUCURI,-73.4110187818,6.88037882713
68,68705,SANTANDER,SANTA BARBARA,-72.9073349905,6.99050924374
68,68720,SANTANDER,SANTA HELENA DEL OPON,-73.6167961577,6.33964198008
68,68745,SANTANDER,SIMACOTA,-73.3373665723,6.44346957242
68,68755,SANTANDER,SOCORRO,-73.2611960328,6.46385144732
68,68770,SANTANDER,SUAITA,-73.438416356,6.10353145
68,68773,SANTANDER,SUCRE,-73.79097771,5.91874038228
68,68780,SANTANDER,SURATA,-72.9842351772,7.3665825175
68,68820,SANTANDER,TONA,-72.967024817,7.20140058159
68,68855,SANTANDER,VALLE DE SAN JOSE,-73.1437389075,6.44778897572
68,68861,SANTANDER,VELEZ,-73.666299069,6.010953449
68,68867,SANTANDER,VETAS,-72.8710436133,7.30980555024
68,68872,SANTANDER,VILLANUEVA,-73.1743072555,6.6700764461
68,68895,SANTANDER,ZAPATOCA,-73.2679103601,6.81433905181
70,70001,SUCRE,SINCELEJO,-75.395481772,9.30233021687
70,70110,SUCRE,BUENAVISTA,-74.9730193151,9.31985711931
70,70124,SUCRE,CAIMITO,-75.1171440547,8.78932537693
70,70215,SUCRE,COROZAL,-75.2931493701,9.31910061656
70,70221,SUCRE,COVENAS,-75.6800839749,9.4028636807
70,70230,SUCRE,CHALAN,-75.3126950363,9.54535812429
70,70233,SUCRE,EL ROBLE,-75.1984347707,9.10066970519
70,70235,SUCRE,GALERAS,-75.0494186572,9.15967339965
70,70265,SUCRE,GUARANDA,-74.538345419,8.464847043
70,70400,SUCRE,LA UNION,-75.2760559341,8.85397531911
70,70418,SUCRE,LOS PALMITOS,-75.268750942,9.3802289505
70,70429,SUCRE,MAJAGUAL,-74.6281041912,8.54071408117
70,70473,SUCRE,MORROA,-75.306200083,9.33132173665
70,70508,SUCRE,OVEJAS,-75.2290829562,9.52668815702
70,70523,SUCRE,PALMITO,-75.5412570386,9.33310204871
70,70670,SUCRE,SAMPUES,-75.3802942192,9.18312851604
70,70678,SUCRE,SAN BENITO ABAD,-75.0311600711,8.92996976102
70,70708,SUCRE,SAN MARCOS,-75.134084767,8.66194596532
70,70713,SUCRE,SAN ONOFRE,-75.5230283613,9.7369328609
70,70717,SUCRE,SAN PEDRO,-75.0634845353,9.39596570901
70,70771,SUCRE,SUCRE,-74.7232228452,8.81174045357
70,70820,SUCRE,SANTIAGO DE TOLU,-75.5811043366,9.52547457425
70,70823,SUCRE,TOLU VIEJO,-75.4408214257,9.45183874964
73,73001,TOLIMA,IBAGUE,-75.1953679078,4.43280938914
73,73024,TOLIMA,ALPUJARRA,-74.932858783,3.39173454082
73,73026,TOLIMA,ALVARADO,-74.9535551796,4.56734522829
73,73030,TOLIMA,AMBALEMA,-74.7644428804,4.78263242067
73,73043,TOLIMA,ANZOATEGUI,-75.093777187,4.63175549718
73,73067,TOLIMA,ATACO,-75.3825339259,3.59063460119
73,73124,TOLIMA,CAJAMARCA,-75.435485263,4.436677041
73,73148,TOLIMA,CARMEN DE APICALA,-74.7163719929,4.15094359506
73,73152,TOLIMA,CASABIANCA,-75.1209613635,5.07846279395
73,73168,TOLIMA,CHAPARRAL,-75.4807434103,3.72306834875
73,73200,TOLIMA,COELLO,-74.8984673202,4.28728335548
73,73217,TOLIMA,COYAIMA,-75.193878839,3.79803620302
73,73226,TOLIMA,CUNDAY,-74.6922267118,4.05925948571
73,73236,TOLIMA,DOLORES,-74.8968518333,3.53903159826
73,73270,TOLIMA,FALAN,-74.9530204607,5.12310402379
73,73275,TOLIMA,FLANDES,-74.8187677213,4.2763717138
73,73283,TOLIMA,FRESNO,-75.0356196095,5.15363945469
73,73319,TOLIMA,GUAMO,-74.9681289601,4.03100475679
73,73347,TOLIMA,HERVEO,-75.1771319171,5.08023410848
73,73349,TOLIMA,HONDA,-74.741577974,5.2015089
73,73352,TOLIMA,ICONONZO,-74.5319791006,4.17643908974
73,73408,TOLIMA,LERIDA,-74.9106356889,4.86202531088
73,73411,TOLIMA,LIBANO,-75.0619532821,4.92041843293
73,73443,TOLIMA,SAN SEBASTIAN DE MARIQUITA,-74.8892907058,5.19969320383
73,73449,TOLIMA,MELGAR,-74.6409314721,4.20394596681
73,73461,TOLIMA,MURILLO,-75.1710222819,4.87434134976
73,73483,TOLIMA,NATAGAIMA,-75.0931111288,3.62438908901
73,73504,TOLIMA,ORTEGA,-75.2226023939,3.93491661562
73,73520,TOLIMA,PALOCABILDO,-75.02222013,5.1208856555
73,73547,TOLIMA,PIEDRAS,-74.8780727204,4.54390984155
73,73555,TOLIMA,PLANADAS,-75.6439602657,3.19765191111
73,73563,TOLIMA,PRADO,-74.9274588097,3.75101224596
73,73585,TOLIMA,PURIFICACION,-74.9353707228,3.8572509421
73,73616,TOLIMA,RIOBLANCO,-75.6443757976,3.52986047716
73,73622,TOLIMA,RONCESVALLES,-75.6059994575,4.01159480735
73,73624,TOLIMA,ROVIRA,-75.2408706668,4.2389330111
73,73671,TOLIMA,SALDANA,-75.0167694661,3.92970073078
73,73675,TOLIMA,SAN ANTONIO,-75.4799125909,3.9140451612
73,73678,TOLIMA,SAN LUIS,-75.0957912296,4.13371813034
73,73686,TOLIMA,SANTA ISABEL,-75.0979346338,4.71359930225
73,73770,TOLIMA,SUAREZ,-74.831889635,4.04888384846
73,73854,TOLIMA,VALLE DE SAN JUAN,-75.1156695836,4.19749423898
73,73861,TOLIMA,VENADILLO,-74.9291695928,4.71796619302
73,73870,TOLIMA,VILLAHERMOSA,-75.1177255467,5.03045611726
73,73873,TOLIMA,VILLARRICA,-74.6002427195,3.93692369495
76,76020,VALLE DEL CAUCA,ALCALA,-75.779812612,4.67498960531
76,76036,VALLE DEL CAUCA,ANDALUCIA,-76.1679219749,4.17172541604
76,76041,VALLE DEL CAUCA,ANSERMANUEVO,-75.9919821845,4.79492075239
76,76054,VALLE DEL CAUCA,ARGELIA,-76.1199028275,4.72695251407
76,76100,VALLE DEL CAUCA,BOLIVAR,-76.1835731619,4.33784247096
76,76109,VALLE DEL CAUCA,BUENAVENTURA,-77.0117477782,3.87580334574
76,76111,VALLE DEL CAUCA,GUADALAJARA DE BUGA,-76.2989614887,3.90082284434
76,76113,VALLE DEL CAUCA,BUGALAGRANDE,-76.1568083286,4.20833111175
76,76122,VALLE DEL CAUCA,CAICEDONIA,-75.8303183393,4.33460564018
76,76130,VALLE DEL CAUCA,CANDELARIA,-76.3464295384,3.4077643196
76,76147,VALLE DEL CAUCA,CARTAGO,-75.942264044,4.758755097
76,76233,VALLE DEL CAUCA,DAGUA,-76.6889953357,3.65666318922
76,76243,VALLE DEL CAUCA,EL AGUILA,-76.0427931347,4.90602658761
76,76246,VALLE DEL CAUCA,EL CAIRO,-76.2216047795,4.76088330419
76,76248,VALLE DEL CAUCA,EL CERRITO,-76.3117262705,3.68425970818
76,76250,VALLE DEL CAUCA,EL DOVIO,-76.2370824654,4.51045798809
76,76275,VALLE DEL CAUCA,FLORIDA,-76.234503193,3.3239196011
76,76306,VALLE DEL CAUCA,GINEBRA,-76.2680666157,3.72418135814
76,76318,VALLE DEL CAUCA,GUACARI,-76.3313674083,3.76290954608
76,76364,VALLE DEL CAUCA,JAMUNDI,-76.5391224672,3.25932906918
76,76377,VALLE DEL CAUCA,LA CUMBRE,-76.5679334087,3.64944411346
76,76400,VALLE DEL CAUCA,LA UNION,-76.0996048731,4.53378338837
76,76403,VALLE DEL CAUCA,LA VICTORIA,-76.0365293203,4.52360126987
76,76497,VALLE DEL CAUCA,OBANDO,-75.9746885479,4.57572205449
76,76520,VALLE DEL CAUCA,PALMIRA,-76.2985815873,3.53234954501
76,76563,VALLE DEL CAUCA,PRADERA,-76.2418197435,3.41982721892
76,76606,VALLE DEL CAUCA,RESTREPO,-76.5231163453,3.82134249406
76,76616,VALLE DEL CAUCA,RIOFRIO,-76.2883093841,4.15690638946
76,76622,VALLE DEL CAUCA,ROLDANILLO,-76.1522876963,4.41359519174
76,76670,VALLE DEL CAUCA,SAN PEDRO,-76.2285395519,3.99499221389
76,76736,VALLE DEL CAUCA,SEVILLA,-75.9316229697,4.27071412891
76,76823,VALLE DEL CAUCA,TORO,-76.0768506524,4.60808704867
76,76828,VALLE DEL CAUCA,TRUJILLO,-76.3188096264,4.21205460862
76,76834,VALLE DEL CAUCA,TULUA,-76.1977002572,4.08526067539
76,76845,VALLE DEL CAUCA,ULLOA,-75.7378129291,4.7036280475
76,76863,VALLE DEL CAUCA,VERSALLES,-76.1992067017,4.57502307699
76,76869,VALLE DEL CAUCA,VIJES,-76.4419648892,3.69858937984
76,76890,VALLE DEL CAUCA,YOTOCO,-76.3824738774,3.8612150819
76,76892,VALLE DEL CAUCA,YUMBO,-76.4992290977,3.54003276229
76,76895,VALLE DEL CAUCA,ZARZAL,-76.0708484414,4.39262199427
81,81001,ARAUCA,ARAUCA,-70.748009803,7.07390170095
81,81065,ARAUCA,ARAUQUITA,-71.4267498586,7.02698088637
81,81220,ARAUCA,CRAVO NORTE,-70.2035859163,6.30345968824
81,81300,ARAUCA,FORTUL,-71.7685562393,6.79707707295
81,81591,ARAUCA,PUERTO RONDON,-71.1033929512,6.28146282154
81,81736,ARAUCA,SARAVENA,-71.8723328706,6.95386030424
81,81794,ARAUCA,TAME,-71.7537617572,6.45344199261
85,85001,CASANARE,YOPAL,-72.3969155417,5.32761201728
85,85010,CASANARE,AGUAZUL,-72.5463004198,5.17269004261
85,85015,CASANARE,CHAMEZA,-72.8702376042,5.21431249951
85,85125,CASANARE,HATO COROZAL,-71.7649240225,6.15617263862
85,85136,CASANARE,LA SALINA,-72.3349588132,6.12768708902
85,85139,CASANARE,MANI,-72.2813966623,4.81682498993
85,85162,CASANARE,MONTERREY,-72.8950348515,4.87684630992
85,85225,CASANARE,NUNCHIA,-72.1950710689,5.63666390187
85,85230,CASANARE,OROCUE,-71.3385186268,4.79026959264
85,85250,CASANARE,PAZ DE ARIPORO,-71.8909234158,5.88003712521
85,85263,CASANARE,PORE,-71.9928594902,5.72773022764
85,85279,CASANARE,RECETOR,-72.7611443018,5.22949241387
85,85300,CASANARE,SABANALARGA,-73.0387237641,4.85461982071
85,85315,CASANARE,SACAMA,-72.2502768792,6.09697473148
85,85325,CASANARE,SAN LUIS DE PALENQUE,-71.7324374971,5.42230235915
85,85400,CASANARE,TAMARA,-72.161823137,5.82982360982
85,85410,CASANARE,TAURAMENA,-72.7472511701,5.01920691152
85,85430,CASANARE,TRINIDAD,-71.6633415586,5.41221523214
85,85440,CASANARE,VILLANUEVA,-72.9280536201,4.61007185165
86,86001,PUTUMAYO,MOCOA,-76.6515068624,1.1525800991
86,86219,PUTUMAYO,COLON,-76.9723019042,1.18982685673
86,86320,PUTUMAYO,ORITO,-76.8730276477,0.663818348772
86,86568,PUTUMAYO,PUERTO ASIS,-76.4972710861,0.505047577006
86,86569,PUTUMAYO,PUERTO CAICEDO,-76.6057791692,0.6877836264
86,86571,PUTUMAYO,PUERTO GUZMAN,-76.408521789,0.962923612274
86,86573,PUTUMAYO,PUERTO LEGUIZAMO,-74.7824713482,-0.191870260599
86,86749,PUTUMAYO,SIBUNDOY,-76.9174823545,1.20011541585
86,86755,PUTUMAYO,SAN FRANCISCO,-76.8792415368,1.17421702835
86,86760,PUTUMAYO,SANTIAGO,-77.0021350607,1.14728349518
86,86885,PUTUMAYO,VILLAGARZON,-76.6171636979,1.02893997049
88,88001,"ARCHIPIELAGO DE SAN ANDRES, PROVIDENCIA Y",SAN ANDRES,-81.7071295349,12.578137767
91,91001,AMAZONAS,LETICIA,-69.9415818923,-4.19844539201
91,91263,AMAZONAS,EL ENCANTO,-73.2075569171,-1.74739132356
91,91405,AMAZONAS,LA CHORRERA,-72.7926097298,-1.4426934013
91,91407,AMAZONAS,LA PEDRERA,-69.588421017,-1.319313553
91,91530,AMAZONAS,PUERTO ALEGRIA,-74.014459938,-1.00567390589
91,91536,AMAZONAS,PUERTO ARICA,-71.7521861992,-2.1470396022
91,91540,AMAZONAS,PUERTO NARINO,-70.3645171446,-3.7804454367
91,91669,AMAZONAS,PUERTO SANTANDER,-72.3842113772,-0.621185277532
91,91798,AMAZONAS,TARAPACA,-69.7417700816,-2.8900847418
94,94001,GUAINIA,INIRIDA,-67.9186012392,3.86662347201
94,94343,GUAINIA,BARRANCO MINAS,-69.8132480332,3.49400987689
94,94663,GUAINIA,MAPIRIPANA,-70.476253922,2.812145587
94,94883,GUAINIA,SAN FELIPE,-67.0677480541,1.91304714128
94,94884,GUAINIA,PUERTO COLOMBIA,-67.5667868341,2.72646647625
94,94886,GUAINIA,CACAHUAL,-67.4133116058,3.52617006284
95,95001,GUAVIARE,SAN JOSE DEL GUAVIARE,-72.6390287201,2.56608342423
95,95015,GUAVIARE,CALAMAR,-72.6551728661,1.96010887255
95,95025,GUAVIARE,EL RETORNO,-72.6271855241,2.33015845935
95,95200,GUAVIARE,MIRAFLORES,-71.9505425816,1.3375761026
97,97001,VAUPES,MITU,-70.2347514774,1.25118655571
97,97161,VAUPES,CARURU,-71.297793263,1.014600462
97,97666,VAUPES,TARAIRA,-69.6402663643,-0.568198309995
97,97889,VAUPES,YAVARATE,-69.2033361301,0.609141827242
99,99001,VICHADA,PUERTO CARRENO,-67.4869961433,6.1868629253
99,99524,VICHADA,LA PRIMAVERA,-70.4104207997,5.48633716237
99,99624,VICHADA,SANTA ROSALIA,-70.859744312,5.13643185127
99,99773,VICHADA,CUMARIBO,-69.7955302016,4.44635160128
97,97511,VAUPES,PACOA,-71.0043443529,0.0207023436272
73,73055,TOLIMA,ARMERO,-74.8844145941,5.03067791424
